{
  "form": {
    "belongTo": "NONE",
    "belongType": "ORG",
    "branchLogic": false,
    "description": "肺围手术期症状量表(PSA-Lung)评定表",
    "name": "肺围手术期症状量表(PSA-Lung)",
    "status": "ENABLE",
    "type": "FOLLOW_UP"
  },
  "formColumns": [
    {
      "column": {
        "availableValue": "",
        "dataType": "",
        "defaultValue": "",
        "description": "您疼痛最严重的程度?",
        "groupName": "",
        "name": "row_0",
        "regexp": "",
        "sortIndex": 1,
        "tbFormId": "",
        "viewType": ""
      },
      "columnOpts": [
        {
          "nextFiledId": "",
          "sortIndex": 1,
          "tbFormColumnId": "",
          "value": "0",
          "score": 0
        },
        {
          "nextFiledId": "",
          "sortIndex": 2,
          "tbFormColumnId": "",
          "value": "1",
          "score": 1
        },
        {
          "nextFiledId": "",
          "sortIndex": 3,
          "tbFormColumnId": "",
          "value": "2",
          "score": 2
        },
        {
          "nextFiledId": "",
          "sortIndex": 4,
          "tbFormColumnId": "",
          "value": "3",
          "score": 3
        },
        {
          "nextFiledId": "",
          "sortIndex": 5,
          "tbFormColumnId": "",
          "value": "4",
          "score": 4
        },
        {
          "nextFiledId": "",
          "sortIndex": 6,
          "tbFormColumnId": "",
          "value": "5",
          "score": 5
        },
        {
          "nextFiledId": "",
          "sortIndex": 7,
          "tbFormColumnId": "",
          "value": "6",
          "score": 6
        },
        {
          "nextFiledId": "",
          "sortIndex": 8,
          "tbFormColumnId": "",
          "value": "7",
          "score": 7
        },
        {
          "nextFiledId": "",
          "sortIndex": 9,
          "tbFormColumnId": "",
          "value": "8",
          "score": 8
        },
        {
          "nextFiledId": "",
          "sortIndex": 10,
          "tbFormColumnId": "",
          "value": "9",
          "score": 9
        },
        {
          "nextFiledId": "",
          "sortIndex": 11,
          "tbFormColumnId": "",
          "value": "10",
          "score": 10
        }
      ],
      "columnThresholds": [
        {
          "level": 0,
          "max": "0",
          "min": "0",
          "regexp": "",
          "reverse": false,
          "tbFormColumnId": "",
          "warningInfo": ""
        }
      ]
    },
    {
      "column": {
        "availableValue": "",
        "dataType": "",
        "defaultValue": "",
        "description": "您咳嗽最严重的程度?",
        "groupName": "",
        "name": "row_1",
        "regexp": "",
        "sortIndex": 2,
        "tbFormId": "",
        "viewType": ""
      },
      "columnOpts": [
        {
          "nextFiledId": "",
          "sortIndex": 1,
          "tbFormColumnId": "",
          "value": "0",
          "score": 0
        },
        {
          "nextFiledId": "",
          "sortIndex": 2,
          "tbFormColumnId": "",
          "value": "1",
          "score": 1
        },
        {
          "nextFiledId": "",
          "sortIndex": 3,
          "tbFormColumnId": "",
          "value": "2",
          "score": 2
        },
        {
          "nextFiledId": "",
          "sortIndex": 4,
          "tbFormColumnId": "",
          "value": "3",
          "score": 3
        },
        {
          "nextFiledId": "",
          "sortIndex": 5,
          "tbFormColumnId": "",
          "value": "4",
          "score": 4
        },
        {
          "nextFiledId": "",
          "sortIndex": 6,
          "tbFormColumnId": "",
          "value": "5",
          "score": 5
        },
        {
          "nextFiledId": "",
          "sortIndex": 7,
          "tbFormColumnId": "",
          "value": "6",
          "score": 6
        },
        {
          "nextFiledId": "",
          "sortIndex": 8,
          "tbFormColumnId": "",
          "value": "7",
          "score": 7
        },
        {
          "nextFiledId": "",
          "sortIndex": 9,
          "tbFormColumnId": "",
          "value": "8",
          "score": 8
        },
        {
          "nextFiledId": "",
          "sortIndex": 10,
          "tbFormColumnId": "",
          "value": "9",
          "score": 9
        },
        {
          "nextFiledId": "",
          "sortIndex": 11,
          "tbFormColumnId": "",
          "value": "10",
          "score": 10
        }
      ],
      "columnThresholds": [
        {
          "level": 0,
          "max": "0",
          "min": "0",
          "regexp": "",
          "reverse": false,
          "tbFormColumnId": "",
          "warningInfo": ""
        }
      ]
    },
    {
      "column": {
        "availableValue": "",
        "dataType": "",
        "defaultValue": "",
        "description": "您气短最严重的程度为?",
        "groupName": "",
        "name": "row_2",
        "regexp": "",
        "sortIndex": 3,
        "tbFormId": "",
        "viewType": ""
      },
      "columnOpts": [
        {
          "nextFiledId": "",
          "sortIndex": 1,
          "tbFormColumnId": "",
          "value": "0",
          "score": 0
        },
        {
          "nextFiledId": "",
          "sortIndex": 2,
          "tbFormColumnId": "",
          "value": "1",
          "score": 1
        },
        {
          "nextFiledId": "",
          "sortIndex": 3,
          "tbFormColumnId": "",
          "value": "2",
          "score": 2
        },
        {
          "nextFiledId": "",
          "sortIndex": 4,
          "tbFormColumnId": "",
          "value": "3",
          "score": 3
        },
        {
          "nextFiledId": "",
          "sortIndex": 5,
          "tbFormColumnId": "",
          "value": "4",
          "score": 4
        },
        {
          "nextFiledId": "",
          "sortIndex": 6,
          "tbFormColumnId": "",
          "value": "5",
          "score": 5
        },
        {
          "nextFiledId": "",
          "sortIndex": 7,
          "tbFormColumnId": "",
          "value": "6",
          "score": 6
        },
        {
          "nextFiledId": "",
          "sortIndex": 8,
          "tbFormColumnId": "",
          "value": "7",
          "score": 7
        },
        {
          "nextFiledId": "",
          "sortIndex": 9,
          "tbFormColumnId": "",
          "value": "8",
          "score": 8
        },
        {
          "nextFiledId": "",
          "sortIndex": 10,
          "tbFormColumnId": "",
          "value": "9",
          "score": 9
        },
        {
          "nextFiledId": "",
          "sortIndex": 11,
          "tbFormColumnId": "",
          "value": "10",
          "score": 10
        }
      ],
      "columnThresholds": [
        {
          "level": 0,
          "max": "0",
          "min": "0",
          "regexp": "",
          "reverse": false,
          "tbFormColumnId": "",
          "warningInfo": ""
        }
      ]
    },
    {
      "column": {
        "availableValue": "",
        "dataType": "",
        "defaultValue": "",
        "description": "您睡眠不安最严重的的程度为?",
        "groupName": "",
        "name": "row_3",
        "regexp": "",
        "sortIndex": 4,
        "tbFormId": "",
        "viewType": ""
      },
      "columnOpts": [
        {
          "nextFiledId": "",
          "sortIndex": 1,
          "tbFormColumnId": "",
          "value": "0",
          "score": 0
        },
        {
          "nextFiledId": "",
          "sortIndex": 2,
          "tbFormColumnId": "",
          "value": "1",
          "score": 1
        },
        {
          "nextFiledId": "",
          "sortIndex": 3,
          "tbFormColumnId": "",
          "value": "2",
          "score": 2
        },
        {
          "nextFiledId": "",
          "sortIndex": 4,
          "tbFormColumnId": "",
          "value": "3",
          "score": 3
        },
        {
          "nextFiledId": "",
          "sortIndex": 5,
          "tbFormColumnId": "",
          "value": "4",
          "score": 4
        },
        {
          "nextFiledId": "",
          "sortIndex": 6,
          "tbFormColumnId": "",
          "value": "5",
          "score": 5
        },
        {
          "nextFiledId": "",
          "sortIndex": 7,
          "tbFormColumnId": "",
          "value": "6",
          "score": 6
        },
        {
          "nextFiledId": "",
          "sortIndex": 8,
          "tbFormColumnId": "",
          "value": "7",
          "score": 7
        },
        {
          "nextFiledId": "",
          "sortIndex": 9,
          "tbFormColumnId": "",
          "value": "8",
          "score": 8
        },
        {
          "nextFiledId": "",
          "sortIndex": 10,
          "tbFormColumnId": "",
          "value": "9",
          "score": 9
        },
        {
          "nextFiledId": "",
          "sortIndex": 11,
          "tbFormColumnId": "",
          "value": "10",
          "score": 10
        }
      ],
      "columnThresholds": [
        {
          "level": 0,
          "max": "0",
          "min": "0",
          "regexp": "",
          "reverse": false,
          "tbFormColumnId": "",
          "warningInfo": ""
        }
      ]
    },
    {
      "column": {
        "availableValue": "",
        "dataType": "",
        "defaultValue": "",
        "description": "您疲乏（乏力）最严重的程度为?",
        "groupName": "",
        "name": "row_4",
        "regexp": "",
        "sortIndex": 5,
        "tbFormId": "",
        "viewType": ""
      },
      "columnOpts": [
        {
          "nextFiledId": "",
          "sortIndex": 1,
          "tbFormColumnId": "",
          "value": "0",
          "score": 0
        },
        {
          "nextFiledId": "",
          "sortIndex": 2,
          "tbFormColumnId": "",
          "value": "1",
          "score": 1
        },
        {
          "nextFiledId": "",
          "sortIndex": 3,
          "tbFormColumnId": "",
          "value": "2",
          "score": 2
        },
        {
          "nextFiledId": "",
          "sortIndex": 4,
          "tbFormColumnId": "",
          "value": "3",
          "score": 3
        },
        {
          "nextFiledId": "",
          "sortIndex": 5,
          "tbFormColumnId": "",
          "value": "4",
          "score": 4
        },
        {
          "nextFiledId": "",
          "sortIndex": 6,
          "tbFormColumnId": "",
          "value": "5",
          "score": 5
        },
        {
          "nextFiledId": "",
          "sortIndex": 7,
          "tbFormColumnId": "",
          "value": "6",
          "score": 6
        },
        {
          "nextFiledId": "",
          "sortIndex": 8,
          "tbFormColumnId": "",
          "value": "7",
          "score": 7
        },
        {
          "nextFiledId": "",
          "sortIndex": 9,
          "tbFormColumnId": "",
          "value": "8",
          "score": 8
        },
        {
          "nextFiledId": "",
          "sortIndex": 10,
          "tbFormColumnId": "",
          "value": "9",
          "score": 9
        },
        {
          "nextFiledId": "",
          "sortIndex": 11,
          "tbFormColumnId": "",
          "value": "10",
          "score": 10
        }
      ],
      "columnThresholds": [
        {
          "level": 0,
          "max": "0",
          "min": "0",
          "regexp": "",
          "reverse": false,
          "tbFormColumnId": "",
          "warningInfo": ""
        }
      ]
    },
    {
      "column": {
        "availableValue": "",
        "dataType": "",
        "defaultValue": "",
        "description": "您瞌睡（昏昏欲睡）最严重的程度为?",
        "groupName": "",
        "name": "row_5",
        "regexp": "",
        "sortIndex": 6,
        "tbFormId": "",
        "viewType": ""
      },
      "columnOpts": [
        {
          "nextFiledId": "",
          "sortIndex": 1,
          "tbFormColumnId": "",
          "value": "0",
          "score": 0
        },
        {
          "nextFiledId": "",
          "sortIndex": 2,
          "tbFormColumnId": "",
          "value": "1",
          "score": 1
        },
        {
          "nextFiledId": "",
          "sortIndex": 3,
          "tbFormColumnId": "",
          "value": "2",
          "score": 2
        },
        {
          "nextFiledId": "",
          "sortIndex": 4,
          "tbFormColumnId": "",
          "value": "3",
          "score": 3
        },
        {
          "nextFiledId": "",
          "sortIndex": 5,
          "tbFormColumnId": "",
          "value": "4",
          "score": 4
        },
        {
          "nextFiledId": "",
          "sortIndex": 6,
          "tbFormColumnId": "",
          "value": "5",
          "score": 5
        },
        {
          "nextFiledId": "",
          "sortIndex": 7,
          "tbFormColumnId": "",
          "value": "6",
          "score": 6
        },
        {
          "nextFiledId": "",
          "sortIndex": 8,
          "tbFormColumnId": "",
          "value": "7",
          "score": 7
        },
        {
          "nextFiledId": "",
          "sortIndex": 9,
          "tbFormColumnId": "",
          "value": "8",
          "score": 8
        },
        {
          "nextFiledId": "",
          "sortIndex": 10,
          "tbFormColumnId": "",
          "value": "9",
          "score": 9
        },
        {
          "nextFiledId": "",
          "sortIndex": 11,
          "tbFormColumnId": "",
          "value": "10",
          "score": 10
        }
      ],
      "columnThresholds": [
        {
          "level": 0,
          "max": "0",
          "min": "0",
          "regexp": "",
          "reverse": false,
          "tbFormColumnId": "",
          "warningInfo": ""
        }
      ]
    },
    {
      "column": {
        "availableValue": "",
        "dataType": "",
        "defaultValue": "",
        "description": "您苦恼最严重的程度为?",
        "groupName": "",
        "name": "row_6",
        "regexp": "",
        "sortIndex": 7,
        "tbFormId": "",
        "viewType": ""
      },
      "columnOpts": [
        {
          "nextFiledId": "",
          "sortIndex": 1,
          "tbFormColumnId": "",
          "value": "0",
          "score": 0
        },
        {
          "nextFiledId": "",
          "sortIndex": 2,
          "tbFormColumnId": "",
          "value": "1",
          "score": 1
        },
        {
          "nextFiledId": "",
          "sortIndex": 3,
          "tbFormColumnId": "",
          "value": "2",
          "score": 2
        },
        {
          "nextFiledId": "",
          "sortIndex": 4,
          "tbFormColumnId": "",
          "value": "3",
          "score": 3
        },
        {
          "nextFiledId": "",
          "sortIndex": 5,
          "tbFormColumnId": "",
          "value": "4",
          "score": 4
        },
        {
          "nextFiledId": "",
          "sortIndex": 6,
          "tbFormColumnId": "",
          "value": "5",
          "score": 5
        },
        {
          "nextFiledId": "",
          "sortIndex": 7,
          "tbFormColumnId": "",
          "value": "6",
          "score": 6
        },
        {
          "nextFiledId": "",
          "sortIndex": 8,
          "tbFormColumnId": "",
          "value": "7",
          "score": 7
        },
        {
          "nextFiledId": "",
          "sortIndex": 9,
          "tbFormColumnId": "",
          "value": "8",
          "score": 8
        },
        {
          "nextFiledId": "",
          "sortIndex": 10,
          "tbFormColumnId": "",
          "value": "9",
          "score": 9
        },
        {
          "nextFiledId": "",
          "sortIndex": 11,
          "tbFormColumnId": "",
          "value": "10",
          "score": 10
        }
      ],
      "columnThresholds": [
        {
          "level": 0,
          "max": "0",
          "min": "0",
          "regexp": "",
          "reverse": false,
          "tbFormColumnId": "",
          "warningInfo": ""
        }
      ]
    },
    {
      "column": {
        "availableValue": "",
        "dataType": "",
        "defaultValue": "",
        "description": "您行走困难最严重的程度为?",
        "groupName": "",
        "name": "row_7",
        "regexp": "",
        "sortIndex": 8,
        "tbFormId": "",
        "viewType": ""
      },
      "columnOpts": [
        {
          "nextFiledId": "",
          "sortIndex": 1,
          "tbFormColumnId": "",
          "value": "0",
          "score": 0
        },
        {
          "nextFiledId": "",
          "sortIndex": 2,
          "tbFormColumnId": "",
          "value": "1",
          "score": 1
        },
        {
          "nextFiledId": "",
          "sortIndex": 3,
          "tbFormColumnId": "",
          "value": "2",
          "score": 2
        },
        {
          "nextFiledId": "",
          "sortIndex": 4,
          "tbFormColumnId": "",
          "value": "3",
          "score": 3
        },
        {
          "nextFiledId": "",
          "sortIndex": 5,
          "tbFormColumnId": "",
          "value": "4",
          "score": 4
        },
        {
          "nextFiledId": "",
          "sortIndex": 6,
          "tbFormColumnId": "",
          "value": "5",
          "score": 5
        },
        {
          "nextFiledId": "",
          "sortIndex": 7,
          "tbFormColumnId": "",
          "value": "6",
          "score": 6
        },
        {
          "nextFiledId": "",
          "sortIndex": 8,
          "tbFormColumnId": "",
          "value": "7",
          "score": 7
        },
        {
          "nextFiledId": "",
          "sortIndex": 9,
          "tbFormColumnId": "",
          "value": "8",
          "score": 8
        },
        {
          "nextFiledId": "",
          "sortIndex": 10,
          "tbFormColumnId": "",
          "value": "9",
          "score": 9
        },
        {
          "nextFiledId": "",
          "sortIndex": 11,
          "tbFormColumnId": "",
          "value": "10",
          "score": 10
        }
      ],
      "columnThresholds": [
        {
          "level": 0,
          "max": "0",
          "min": "0",
          "regexp": "",
          "reverse": false,
          "tbFormColumnId": "",
          "warningInfo": ""
        }
      ]
    },
    {
      "column": {
        "availableValue": "",
        "dataType": "",
        "defaultValue": "",
        "description": "您日常活动困难最严重的程度为?",
        "groupName": "",
        "name": "row_8",
        "regexp": "",
        "sortIndex": 9,
        "tbFormId": "",
        "viewType": ""
      },
      "columnOpts": [
        {
          "nextFiledId": "",
          "sortIndex": 1,
          "tbFormColumnId": "",
          "value": "0",
          "score": 0
        },
        {
          "nextFiledId": "",
          "sortIndex": 2,
          "tbFormColumnId": "",
          "value": "1",
          "score": 1
        },
        {
          "nextFiledId": "",
          "sortIndex": 3,
          "tbFormColumnId": "",
          "value": "2",
          "score": 2
        },
        {
          "nextFiledId": "",
          "sortIndex": 4,
          "tbFormColumnId": "",
          "value": "3",
          "score": 3
        },
        {
          "nextFiledId": "",
          "sortIndex": 5,
          "tbFormColumnId": "",
          "value": "4",
          "score": 4
        },
        {
          "nextFiledId": "",
          "sortIndex": 6,
          "tbFormColumnId": "",
          "value": "5",
          "score": 5
        },
        {
          "nextFiledId": "",
          "sortIndex": 7,
          "tbFormColumnId": "",
          "value": "6",
          "score": 6
        },
        {
          "nextFiledId": "",
          "sortIndex": 8,
          "tbFormColumnId": "",
          "value": "7",
          "score": 7
        },
        {
          "nextFiledId": "",
          "sortIndex": 9,
          "tbFormColumnId": "",
          "value": "8",
          "score": 8
        },
        {
          "nextFiledId": "",
          "sortIndex": 10,
          "tbFormColumnId": "",
          "value": "9",
          "score": 9
        },
        {
          "nextFiledId": "",
          "sortIndex": 11,
          "tbFormColumnId": "",
          "value": "10",
          "score": 10
        }
      ],
      "columnThresholds": [
        {
          "level": 0,
          "max": "0",
          "min": "0",
          "regexp": "",
          "reverse": false,
          "tbFormColumnId": "",
          "warningInfo": ""
        }
      ]
    }
  ]
}